<?xml version="1.0" ?>
<list>
    <UseCase.Barang.BarangProdusen.Produk>
        <namaProduk>Bangku Biru Ecobrick</namaProduk>
        <hargaProduk>40000</hargaProduk>
        <stokProduk>100</stokProduk>
        <ProdukId>1</ProdukId>
    </UseCase.Barang.BarangProdusen.Produk>
    <UseCase.Barang.BarangProdusen.Produk>
        <namaProduk>Meja Merah Putih Ecobrick</namaProduk>
        <hargaProduk>80000</hargaProduk>
        <stokProduk>100</stokProduk>
        <ProdukId>2</ProdukId>
    </UseCase.Barang.BarangProdusen.Produk>
    <UseCase.Barang.BarangProdusen.Produk>
        <namaProduk>Meja Warna-warni Ecobrick</namaProduk>
        <hargaProduk>30000</hargaProduk>
        <stokProduk>100</stokProduk>
        <ProdukId>3</ProdukId>
    </UseCase.Barang.BarangProdusen.Produk>
    <UseCase.Barang.BarangProdusen.Produk>
        <namaProduk>Kursi Orange Ecobrick</namaProduk>
        <hargaProduk>50000</hargaProduk>
        <stokProduk>100</stokProduk>
        <ProdukId>4</ProdukId>
    </UseCase.Barang.BarangProdusen.Produk>
    <UseCase.Barang.BarangProdusen.Produk>
        <namaProduk>Bangku Kotak-kotak Ecobrick</namaProduk>
        <hargaProduk>75000</hargaProduk>
        <stokProduk>100</stokProduk>
        <ProdukId>5</ProdukId>
    </UseCase.Barang.BarangProdusen.Produk>
    <UseCase.Barang.BarangProdusen.Produk>
        <namaProduk>Pot Ecobrick</namaProduk>
        <hargaProduk>35000</hargaProduk>
        <stokProduk>100</stokProduk>
        <ProdukId>6</ProdukId>
    </UseCase.Barang.BarangProdusen.Produk>
    <UseCase.Barang.BarangProdusen.Produk>
        <namaProduk>Sofa Ecobrick</namaProduk>
        <hargaProduk>150000</hargaProduk>
        <stokProduk>100</stokProduk>
        <ProdukId>7</ProdukId>
    </UseCase.Barang.BarangProdusen.Produk>
    <UseCase.Barang.BarangProdusen.Produk>
        <namaProduk>Meja Dekorasi Ecobrick</namaProduk>
        <hargaProduk>90000</hargaProduk>
        <stokProduk>100</stokProduk>
        <ProdukId>8</ProdukId>
    </UseCase.Barang.BarangProdusen.Produk>
</list>